name,acc,f1,prec,rec,loss
tf_model,0.8233594717292613,0.8233594717292613,0.8233594717292613,0.8233594717292613,0.37870126962661743
