name,acc,f1,prec,rec,loss
torch_model,0.8146925299215848,0.8146925299215848,0.8146925299215848,0.8146925299215848,0.48551806807518005
